Screen type,Hours,Equipment,Title,File
Image,0,Flowcode / E-blocks3,Introduction to microcontrollers,LMS Project Assets/CO0001 - FC E-blocks CPD course/CO0001 - opening.png
HTML,0.1,Flowcode / E-blocks3,Welcome,LMS Project Assets/CO0002 - Introduction to microcontrollers/CO0002 - welcome.html
HTML,0.1,Flowcode / E-blocks3,Learning objectives,LMS Project Assets/CO0001 - FC E-blocks CPD course/CO0001 – LO.HTM
HTML,0.1,Flowcode / E-blocks3,Equipment,LMS Project Assets/CO0002 - Introduction to microcontrollers/CO0002 - Equip.html
YouTube,0.2,Flowcode / E-blocks3,Introducing E-blocks 3,https://youtu.be/KmpyVmv6J_Y?si=bzAVMntlAOE_-Rlv
YouTube,0.2,Flowcode / E-blocks3,Introducing Flowcode,https://youtu.be/tDdptTbvDM0?si=19xqKAzPCOO3In5e
PDF,0.2,Flowcode / E-blocks3,E-blocks datasheet,https://www.matrixtsl.com/wp-content/uploads/2026/03/CP9645-Eblocks-3-Datasheet-1.pdf
Powerpoint,0.3,Flowcode / E-blocks3,Microcontroller basics 1,LMS Project Assets/CO0002 - Introduction to microcontrollers/Microcontroller basics 1 24 02 26.pptx
Powerpoint,0.3,Flowcode / E-blocks3,Microcontroller basics 2,LMS Project Assets/CO0002 - Introduction to microcontrollers/Microcontroller basics 2 24 02 26.pptx
HTML,1,Flowcode / E-blocks3,Getting started guide,https://www.flowcode.co.uk/wiki/index.php?title=Embedded_Getting_Started_Guide
Document,1,Flowcode / E-blocks3,First program,LMS Project Assets/CP4807 - Introduction to microcontrollers/CP4807-1.docx
Document,1,Flowcode / E-blocks3,Performing calculations,LMS Project Assets/CP4807 - Introduction to microcontrollers/CP4807-2.docx
Document,2,Flowcode / E-blocks3,Connection points,LMS Project Assets/CP4807 - Introduction to microcontrollers/CP4807-3.docx
Document,2,Flowcode / E-blocks3,Digital inputs,LMS Project Assets/CP4807 - Introduction to microcontrollers/CP4807-4.docx
HTML,2,Flowcode / E-blocks3,Homework 1,LMS Project Assets/CP4807 - Introduction to microcontrollers/CP4807-H1.htm
Document,2,Flowcode / E-blocks3,Making decisions,LMS Project Assets/CP4807 - Introduction to microcontrollers/CP4807-5.docx
Document,2,Flowcode / E-blocks3,Macros / subroutines,LMS Project Assets/CP4807 - Introduction to microcontrollers/CP4807-6.docx
Document,2,Flowcode / E-blocks3,Using prototype boards,LMS Project Assets/CP4807 - Introduction to microcontrollers/CP4807-7.docx
Document,2,Flowcode / E-blocks3,Analogue inputs,LMS Project Assets/CP1972 - Sensors and microcontrollers/CP1972-1.docx
Document,2,Flowcode / E-blocks3,Colour graphical displays,LMS Project Assets/CP4807 - Introduction to microcontrollers/CP4807-8.docx
HTML,2,Flowcode / E-blocks3,Homework 2,LMS Project Assets/CP4807 - Introduction to microcontrollers/CP4807-H2.htm
Document,2,Flowcode / E-blocks3,Light sensor,LMS Project Assets/CP1972 - Sensors and microcontrollers/CP1972-2.docx
Document,2,Flowcode / E-blocks3,Analogue temperature sensor,LMS Project Assets/CP1972 - Sensors and microcontrollers/CP1972-3.docx
HTML,2,Flowcode / E-blocks3,Homework 3,LMS Project Assets/CP4807 - Introduction to microcontrollers/CP4807-H3.htm
HTML,2,Flowcode / E-blocks3,Assessment 1,LMS Project Assets/CP4807 - Introduction to microcontrollers/CP4807-A1.htm
Document,2,Flowcode / E-blocks3,Digital temperature sensor,LMS Project Assets/CP1972 - Sensors and microcontrollers/CP1972-4.docx
Document,2,Flowcode / E-blocks3,Digital accelerometer,LMS Project Assets/CP1972 - Sensors and microcontrollers/CP1972-5.docx
HTML,2,Flowcode / E-blocks3,Assessment 2,LMS Project Assets/CP4807 - Introduction to microcontrollers/CP4807-A2.htm
Document,2,Flowcode / E-blocks3,Basic DC motors,LMS Project Assets/CP0507 - Motors and microcontrollers/CP0507-1.docx
Document,2,Flowcode / E-blocks3,Full bridge motor control,LMS Project Assets/CP0507 - Motors and microcontrollers/CP0507-2.docx
Document,2,Flowcode / E-blocks3,Stepper motor control,LMS Project Assets/CP0507 - Motors and microcontrollers/CP0507-3.docx
Document,2,Flowcode / E-blocks3,Servo motor control,LMS Project Assets/CP0507 - Motors and microcontrollers/CP0507-4.docx
HTML,2,Flowcode / E-blocks3,Homework 6,LMS Project Assets/CP4807 - Introduction to microcontrollers/CP4807-H6.htm
Document,2,Flowcode / E-blocks3,Floats and INTs,LMS Project Assets/CP1972 - Sensors and microcontrollers/CP1972-6.docx
Document,2,Flowcode / E-blocks3,Pin interrupts,LMS Project Assets/CP4807 - Introduction to microcontrollers/CP4807-9.docx
Document,2,Flowcode / E-blocks3,Timer interrupts,LMS Project Assets/CP4807 - Introduction to microcontrollers/CP4807-10.docx
HTML,2,Flowcode / E-blocks3,Homework 7,LMS Project Assets/CP4807 - Introduction to microcontrollers/CP4807-H7.htm
Document,2,Flowcode / E-blocks3,Touch control systems,LMS Project Assets/CP4807 - Introduction to microcontrollers/CP4807-11.docx
HTML,2,Flowcode / E-blocks3,Homework 8,LMS Project Assets/CP4807 - Introduction to microcontrollers/CP4807-H8.htm
Document,2,Flowcode / E-blocks3,Web mirror,LMS Project Assets/CP4807 - Introduction to microcontrollers/CP4807-12.docx
HTML,24,Flowcode / E-blocks3,Homework 9,LMS Project Assets/CP4807 - Introduction to microcontrollers/CP4807-H9.htm
